{
    "loss": 0.039277173578739166,
    "accuracy": 0.5686274766921997
}