{
    "loss": 0.19107685983181,
    "accuracy": 0.5392156839370728
}