{
    "loss": 0.24055153131484985,
    "accuracy": 0.5392156839370728
}