{
    "loss": 0.49764323234558105,
    "accuracy": 0.5392156839370728
}